{
  "tiny": {
    "total_samples": 793,
    "avg_wer": 1.0497705671097852,
    "avg_cer": 0.48614232433198323,
    "avg_time_per_audio": 0.16890012781977803,
    "total_time": 133.93780136108398
  },
  "small": {
    "total_samples": 793,
    "avg_wer": 0.5230108689125083,
    "avg_cer": 0.20779629074686504,
    "avg_time_per_audio": 0.6828182922185294,
    "total_time": 541.4749057292938
  },
  "large-v3": {
    "total_samples": 793,
    "avg_wer": 0.4403034201331806,
    "avg_cer": 0.1582934408431861,
    "avg_time_per_audio": 7.948655056021403,
    "total_time": 6303.2834594249725
  },
  "large-v3_cuda": {
    "total_samples": 793,
    "avg_wer": 0.4403034201331806,
    "avg_cer": 0.1582934408431861,
    "avg_time_per_audio": 0.8386273564486606,
    "total_time": 665.0314936637878
  },
  "large-v3_cpu_quanted": {
    "total_samples": 793,
    "avg_wer": 0.4739530218975364,
    "avg_cer": 0.16637995920858634,
    "avg_time_per_audio": 5.805704870861385,
    "total_time": 4603.923962593079
  },
  "large-v3_cuda_quanted": {
    "total_samples": 793,
    "avg_wer": 0.44723060042101653,
    "avg_cer": 0.1585522291109167,
    "avg_time_per_audio": 3.006850938327977,
    "total_time": 2384.4327940940857
  },
  "large-v3_cuda_autocast_compile": {
    "total_samples": 793,
    "avg_wer": 0.44258729290885657,
    "avg_cer": 0.15894431408815926,
    "avg_time_per_audio": 0.8967222247418359,
    "total_time": 711.1007242202759
  },
  "large-v3_cuda_global_magnitude_pruning_0.9": {
    "total_samples": 793,
    "avg_wer": 0.44145936801043983,
    "avg_cer": 0.1583672805499607,
    "avg_time_per_audio": 0.6125988292814354,
    "total_time": 485.7908716201782
  },
  "large-v3_cuda_global_magnitude_pruning_0.85": {
    "total_samples": 793,
    "avg_wer": 0.44370671083155316,
    "avg_cer": 0.16269859090665484,
    "avg_time_per_audio": 0.609217054456059,
    "total_time": 483.1091241836548
  },
  "large-v3_cuda_global_magnitude_pruning_0.81": {
    "total_samples": 793,
    "avg_wer": 0.44099048352516185,
    "avg_cer": 0.16186239019223683,
    "avg_time_per_audio": 0.6089496507319947,
    "total_time": 482.8970730304718
  },
  "large-v3_cpu_global_magnitude_pruning_0.9": {
    "total_samples": 793,
    "avg_wer": 0.44145936801043983,
    "avg_cer": 0.1583672805499607,
    "avg_time_per_audio": 7.401807461530534,
    "total_time": 5869.633316993713
  },
  "large-v3_cpu_global_magnitude_pruning_0.85": {
    "total_samples": 793,
    "avg_wer": 0.44370671083155316,
    "avg_cer": 0.16269859090665484,
    "avg_time_per_audio": 7.362136787905218,
    "total_time": 5838.174472808838
  },
  "large-v3_cpu_global_magnitude_pruning_0.81": {
    "total_samples": 793,
    "avg_wer": 0.44099048352516185,
    "avg_cer": 0.16186239019223683,
    "avg_time_per_audio": 7.437315581876122,
    "total_time": 5897.791256427765
  },
  "large-v3_cpu_quanted_pruned": {
    "total_samples": 793,
    "avg_wer": 0.4815027581357973,
    "avg_cer": 0.16642186304337375,
    "avg_time_per_audio": 5.083663366781959,
    "total_time": 4031.3450498580933
  }
}